{
    "A# min": [0, 0, 0, 1, 0, 0, 1, 0, 0, 0, 1, 0],
    "C# min": [0, 1, 0, 0, 0, 0, 1, 0, 0, 1, 0, 0],
    "A# maj": [0, 0, 0, 1, 0, 0, 0, 1, 0, 0, 1, 0],
    "D min": [0, 0, 1, 0, 0, 0, 0, 1, 0, 0, 1, 0],
    "C# maj": [0, 1, 0, 0, 0, 0, 1, 0, 0, 0, 1, 0],
    "B min": [0, 0, 0, 0, 1, 0, 0, 1, 0, 0, 0, 1],
    "G# maj": [0, 1, 0, 0, 0, 1, 0, 0, 1, 0, 0, 0],
    "F min": [0, 1, 0, 0, 0, 1, 0, 0, 0, 0, 1, 0],

    "A maj": [0, 0, 1, 0, 0, 0, 1, 0, 0, 1, 0, 0],
    "E7" :   [0, 1, 0, 0, 1, 0, 0, 1, 0, 1, 0, 0],
    "C maj": [1, 0, 0, 0, 0, 1, 0, 0, 0, 1, 0, 0],
    "B maj": [0, 0, 0, 0, 1, 0, 0, 0, 1, 0, 0, 1],
    "E maj": [0, 1, 0, 0, 1, 0, 0, 0, 0, 1, 0, 0],
    "D maj": [0, 0, 1, 0, 0, 0, 0, 1, 0, 0, 0, 1],
    "G maj": [1, 0, 0, 0, 1, 0, 0, 1, 0, 0, 0, 0],
    "F maj": [0, 0, 1, 0, 0, 1, 0, 0, 0, 0, 1, 0],
    "G# min": [0, 1, 0, 0, 1, 0, 0, 0, 1, 0, 0, 0],
    "E min": [1, 0, 0, 0, 1, 0, 0, 0, 0, 1, 0, 0],
    "D# min": [0, 0, 0, 1, 0, 0, 0, 0, 1, 0, 0, 1],
    "C min": [1, 0, 0, 0, 0, 1, 0, 0, 1, 0, 0, 0],
    "A min": [0, 0, 1, 0, 0, 1, 0, 0, 0, 1, 0, 0],
    "D# maj": [1, 0, 0, 1, 0, 0, 0, 0, 1, 0, 0, 0],
    "F# maj": [0, 0, 0, 1, 0, 0, 1, 0, 0, 0, 0, 1],
    "G min": [1, 0, 0, 1, 0, 0, 0, 1, 0, 0, 0, 0],
    "F# min": [0, 0, 1, 0, 0, 0, 1, 0, 0, 0, 0, 1]
    }